,Number,Observed Count,Expected Count,Observed Percentage,Expected Percentage
0,1,4,4,33.33333333333333,30.1
1,2,0,2,0.0,17.6
2,3,1,2,8.333333333333332,12.5
3,4,1,1,8.333333333333332,9.7
4,5,3,1,25.0,7.9
5,6,2,1,16.666666666666664,6.7
6,7,0,1,0.0,5.8
7,8,1,1,8.333333333333332,5.1
8,9,0,1,0.0,4.6
